station_id;date_from;date_to;altitude;latitude;longitude;name;state
3;1950-04-01;2011-03-31;202;50.7827;6.0941;Aachen;Nordrhein-Westfalen
44;2007-04-01;2022-03-09;44;52.9336;8.237;Großenkneten;Niedersachsen
52;1976-01-01;1988-01-01;46;53.6623;10.199;Ahrensburg-Wulfsdorf;Schleswig-Holstein
71;2009-12-01;2019-12-31;759;48.2156;8.9784;Albstadt-Badkap;Baden-Württemberg
73;2007-04-01;2022-03-09;340;48.6159;13.0506;Aldersbach-Kriestorf;Bayern
78;2004-11-01;2022-03-09;65;52.4853;7.9126;Alfhausen;Niedersachsen
91;2004-09-01;2022-03-09;300;50.7446;9.345;Alsfeld-Eifa;Hessen
96;2019-04-09;2022-03-09;50;52.9437;12.8518;Neuruppin-Alt Ruppin;Brandenburg
102;2002-01-01;2022-03-09;32;53.8633;8.1275;Leuchtturm Alte Weser;Niedersachsen
106;1999-01-01;2006-12-01;500;51.7976;10.4429;Altenau;Niedersachsen
125;1971-01-04;2022-03-09;742;47.8342;10.8667;Altenstadt;Bayern
131;2004-11-01;2022-03-09;296;51.0881;12.9326;Geringswalde-Altgeringswalde;Sachsen
142;1982-01-01;2022-03-09;511;48.406;11.3117;Altomünster-Maisbrunn;Bayern
150;2005-07-01;2022-03-09;215;49.7273;8.1164;Alzey;Rheinland-Pfalz
151;2005-03-01;2022-03-09;382;49.4691;11.8546;Amberg-Unterammersricht;Bayern
154;2005-03-01;2022-03-09;516;48.0197;12.2925;Amerang-Pfaffing;Bayern
161;2011-09-01;2022-03-09;75;50.4237;7.4202;Andernach;Rheinland-Pfalz
164;1956-01-01;2022-03-09;54;53.0316;13.9908;Angermünde;Brandenburg
167;2004-09-01;2022-03-09;11;53.8408;13.6854;Anklam;Mecklenburg-Vorpommern
175;1955-01-01;1975-12-31;413;49.2964;10.5751;Ansbach;Bayern
181;1999-09-28;2008-11-03;30;52.8761;11.5042;Arendsee;Sachsen-Anhalt
183;1973-01-01;2022-03-09;42;54.6791;13.4344;Arkona;Mecklenburg-Vorpommern
191;2004-11-04;2022-03-09;217;49.9694;9.9114;Arnstein-Müdesheim;Bayern
198;1961-01-01;2022-03-09;164;51.3744;11.292;Artern;Thüringen
217;2005-01-01;2022-03-09;670;47.8774;11.3643;Attenkam;Bayern
222;1982-01-01;2022-03-09;393;50.5908;12.7139;Aue;Sachsen
232;1955-01-01;2022-03-09;462;48.4253;10.9417;Augsburg;Bayern
257;2002-11-01;2022-03-09;240;48.727;8.2457;Baden-Baden-Geroldsau;Baden-Württemberg
259;2004-07-01;2022-03-09;275;47.8064;7.6387;Müllheim;Baden-Württemberg
268;1996-07-18;2008-12-31;622;48.5293;8.2727;Baiersbronn-Obertal;Baden-Württemberg
282;1961-01-01;2022-03-09;240;49.8743;10.9206;Bamberg;Bayern
284;1947-01-01;1955-01-01;282;49.88;10.88;Bamberg (Sternwarte);Bayern
294;2004-07-01;2022-03-09;110;52.3199;9.43;Barsinghausen-Hohenbostel;Niedersachsen
298;1981-01-01;2022-03-09;3;54.3405;12.7108;Barth;Mecklenburg-Vorpommern
303;1993-08-19;2022-03-09;55;52.0613;13.4997;Baruth;Brandenburg
314;2004-05-01;2022-03-09;234;51.1604;14.5042;Kubschütz, Kr. Bautzen;Sachsen
320;2006-07-01;2022-03-09;350;49.9666;11.5198;Heinersreuth-Vollhof;Bayern
326;2004-07-01;2013-07-08;120;51.7204;8.0577;Beckum-Unterberg;Nordrhein-Westfalen
330;2004-08-01;2022-03-09;455;49.5617;8.9673;Oberzent-Beerfelden;Hessen
342;2010-12-01;2022-03-09;103;52.317;8.1694;Belm;Niedersachsen
348;1989-12-15;2011-09-01;127;50.4135;7.5886;Bendorf;Rheinland-Pfalz
350;1999-06-01;1999-12-31;540;51.6715;10.7268;Benneckenstein;Sachsen-Anhalt
361;1948-01-01;1976-01-01;550;47.6344;13.0109;Berchtesgaden (KKst);Bayern
368;2002-01-01;2022-03-09;69;52.8152;9.9248;Bergen;Niedersachsen
377;2004-10-01;2022-03-09;210;49.107;7.9967;Bergzabern, Bad;Rheinland-Pfalz
379;2017-09-01;2022-03-09;304;50.9075;11.2665;Berka, Bad (Flugplatz);Thüringen
390;2004-07-01;2022-03-09;610;50.9837;8.3683;Berleburg, Bad-Stünzel;Nordrhein-Westfalen
399;1969-12-01;2011-08-01;36;52.5198;13.4057;Berlin-Alexanderplatz;Berlin
400;1991-01-01;2022-03-09;60;52.631;13.5021;Berlin-Buch;Berlin
403;2002-01-01;2022-03-09;51;52.4537;13.3017;Berlin-Dahlem (FU);Berlin
410;2004-05-01;2020-06-15;33;52.404;13.7309;Berlin-Kaniswall;Berlin
420;2007-08-01;2022-03-09;61;52.5447;13.5598;Berlin-Marzahn;Berlin
424;1961-01-01;1981-01-01;36;52.5;13.4667;Berlin-Ostkreuz;Berlin
427;1973-01-01;2022-03-09;46;52.3807;13.5306;Berlin Brandenburg;Brandenburg
430;1986-01-01;2021-05-05;36;52.5644;13.3088;Berlin-Tegel;Berlin
433;1951-01-01;2022-03-09;48;52.4675;13.4021;Berlin-Tempelhof;Berlin
445;2005-07-01;2022-03-09;85;51.8218;11.711;Bernburg/Saale (Nord);Sachsen-Anhalt
450;2005-11-01;2012-12-04;120;49.9186;7.0664;Bernkastel-Kues;Rheinland-Pfalz
460;1961-01-01;2022-03-09;363;49.2641;6.6868;Berus;Saarland
474;1975-06-01;1978-06-01;599;48.1252;9.7639;Warthausen-Birkenhard;Baden-Württemberg
535;2004-06-01;2022-03-09;417;50.0372;7.3079;Blankenrath;Rheinland-Pfalz
553;1951-01-01;1974-09-01;25;51.838;6.6107;Bocholt (Marienschule);Nordrhein-Westfalen
554;1974-09-01;2006-02-28;23;51.8293;6.5365;Bocholt-Liedern (Wasserwerk);Nordrhein-Westfalen
555;2008-01-01;2018-11-01;101;51.4789;7.2697;Bochum;Nordrhein-Westfalen
591;1973-01-01;2022-03-09;45;53.3911;10.6878;Boizenburg;Mecklenburg-Vorpommern
596;1973-01-01;2022-03-09;15;54.0027;11.1908;Boltenhagen;Mecklenburg-Vorpommern
598;1949-01-01;1957-01-01;62;50.7285;7.0839;Bonn;Nordrhein-Westfalen
599;1984-01-01;1997-12-01;62;50.7055;7.1467;Bonn-Friesdorf;Nordrhein-Westfalen
601;2002-01-02;2003-10-31;158;50.6983;7.0356;Bonn-Hardthöhe;Nordrhein-Westfalen
603;2001-04-03;2022-03-09;147;50.7293;7.204;Königswinter-Heiderhof;Nordrhein-Westfalen
617;2004-06-01;2022-03-09;47;51.873;6.8863;Borken in Westfalen;Nordrhein-Westfalen
656;1948-01-01;2022-03-09;607;51.7234;10.6021;Braunlage;Niedersachsen
662;1951-01-01;2022-03-09;81;52.2915;10.4464;Braunschweig;Niedersachsen
685;2002-01-01;2006-10-31;585;49.9017;9.4281;Breitsol;Bayern
691;1949-01-01;2022-03-09;4;53.0451;8.7981;Bremen;Bremen
701;1949-01-01;2022-03-09;7;53.5332;8.5761;Bremerhaven;Bremen
704;1991-01-01;2022-03-09;11;53.4451;9.139;Bremervörde;Niedersachsen
722;1951-01-01;2022-03-09;1135;51.7986;10.6183;Brocken;Sachsen-Anhalt
755;2004-06-01;2022-03-09;340;49.5182;9.3213;Buchen, Kr. Neckar-Odenwald;Baden-Württemberg
757;2004-06-01;2022-03-09;445;47.9625;7.9983;Buchenbach;Baden-Württemberg
760;2017-12-01;2022-03-09;82;53.3629;9.9435;Rosengarten-Klecken;Niedersachsen
766;2002-01-01;2022-03-09;477;50.1745;7.0595;Büchel (Flugplatz);Rheinland-Pfalz
769;2002-01-01;2022-03-09;68;52.2817;9.089;Bückeburg;Niedersachsen
817;2005-02-01;2022-03-09;293;51.0306;8.8146;Burgwald-Bottendorf;Hessen
840;1991-01-01;2022-03-09;895;50.4313;12.6114;Carlsfeld;Sachsen
850;2002-01-01;2022-03-09;45;52.5959;10.0296;Celle;Niedersachsen
853;1951-01-01;2022-03-09;416;50.7913;12.872;Chemnitz;Sachsen
856;1991-01-01;2022-03-09;551;47.8843;12.5404;Chieming;Bayern
863;2007-10-01;2012-04-03;585;51.7904;10.347;Clausthal-Zellerfeld;Niedersachsen
867;1947-01-01;2022-03-09;344;50.3066;10.9679;Lautertal-Oberlauter;Bayern
876;1973-01-01;1989-01-01;314;51.304;13.0096;Collmberg;Sachsen
879;2002-01-01;2003-06-11;68;51.7667;14.2833;Cottbus (Flugplatz);Brandenburg
880;1956-01-01;2022-03-09;69;51.7759;14.3168;Cottbus;Brandenburg
891;1951-01-01;2022-03-09;5;53.8713;8.7058;Cuxhaven;Niedersachsen
896;2004-08-01;2022-03-09;170;51.0778;10.8619;Dachwig;Thüringen
917;2004-09-01;2022-03-09;162;49.8809;8.6779;Darmstadt;Hessen
919;1958-01-01;1972-01-01;169;49.8697;8.6796;Darmstadt-Botanischer Garten;Hessen
920;1972-01-01;1987-09-29;108;49.8564;8.5929;Darmstadt (US-Air-Base);Hessen
953;1955-01-01;2022-03-09;481;49.7619;7.0542;Deuselbach;Rheinland-Pfalz
954;2000-05-01;2022-03-03;0;54.1796;7.4587;UFS Deutsche Bucht;Hamburg
963;1994-01-03;2022-03-09;38;52.5881;8.3424;Diepholz;Niedersachsen
979;2004-09-01;2022-03-09;314;50.7364;8.2672;Dillenburg;Hessen
982;1976-01-01;1978-06-01;420;48.5701;10.4985;Dillingen/Donau;Bayern
983;2006-12-01;2022-03-09;419;48.5562;10.5599;Dillingen/Donau-Fristingen;Bayern
991;2005-02-01;2022-03-09;359;50.9116;13.7087;Dippoldiswalde-Reinberg;Sachsen
998;1996-10-01;2009-02-01;696;48.7968;8.4921;Dobel;Baden-Württemberg
1001;1981-01-01;2022-03-09;97;51.6451;13.5747;Doberlug-Kirchhain;Brandenburg
1048;1973-01-01;2022-03-09;228;51.1278;13.7543;Dresden-Klotzsche;Sachsen
1050;2006-04-01;2022-03-09;112;51.0221;13.847;Dresden-Hosterwitz;Sachsen
1051;2007-03-01;2022-03-09;119;51.0249;13.7751;Dresden-Strehlen;Sachsen
1052;2004-07-01;2022-03-09;80;52.2174;12.1641;Drewitz bei Burg;Sachsen-Anhalt
1072;2004-06-01;2022-03-09;107;49.4719;8.1929;Dürkheim, Bad;Rheinland-Pfalz
1076;1996-05-14;2009-01-01;692;48.0135;8.5343;Dürrheim, Bad;Baden-Württemberg
1078;1976-03-01;2022-03-09;37;51.296;6.7686;Düsseldorf;Nordrhein-Westfalen
1103;2006-10-01;2022-03-09;592;48.1003;11.9872;Ebersberg-Halbing;Bayern
1107;2004-12-01;2022-03-09;346;49.852;10.4991;Ebrach;Bayern
1130;2002-01-01;2005-04-22;17;54.6282;9.3649;Eggebek;Schleswig-Holstein
1161;2005-02-01;2022-03-09;384;48.8777;11.2349;Eichstätt-Landershofen;Bayern
1197;1948-01-01;2022-03-09;460;48.9895;10.1312;Ellwangen-Rindelbach;Baden-Württemberg
1200;2002-01-01;2022-03-09;3;54.0691;9.0105;Elpersbüttel;Schleswig-Holstein
1207;2006-03-01;2022-03-09;558;50.2705;12.2742;Elster, Bad-Sohl;Sachsen
1214;2004-08-01;2022-03-09;431;48.2012;8.1088;Elzach-Fisnacht;Baden-Württemberg
1219;1971-01-01;1998-11-02;5;53.3449;7.1909;Emden-Nesserland;Niedersachsen
1221;1949-01-01;1971-01-01;0;53.3707;7.2236;Emden-Wolthusen;Niedersachsen
1224;2002-12-01;2022-03-09;201;48.1378;7.8351;Emmendingen-Mundingen;Baden-Württemberg
1228;2002-01-01;2022-03-09;0;54.1651;6.346;UFS TW Ems;Hamburg
1239;2004-07-01;2008-09-23;540;47.8516;8.7673;Engen/Hegau;Baden-Württemberg
1246;2015-08-01;2022-03-09;104;51.8418;8.0607;Ennigerloh-Ostenfelde;Nordrhein-Westfalen
1255;2002-12-01;2022-03-09;226;49.1661;8.8483;Eppingen-Elsenz;Baden-Württemberg
1262;1992-05-17;2022-03-09;446;48.3477;11.8134;München-Flughafen;Bayern
1266;2004-06-01;2022-03-09;18;54.2992;9.3162;Erfde;Schleswig-Holstein
1270;1951-01-01;2022-03-09;316;50.9829;10.9608;Erfurt-Weimar;Thüringen
1279;1986-11-01;2022-03-09;268;49.6497;11.0075;Möhrendorf-Kleinseebach;Bayern
1281;1994-11-01;2001-05-01;284;49.5653;10.9729;Erlangen-Frauenaurach;Bayern
1297;2004-10-01;2022-03-09;156;51.2041;10.0138;Eschwege;Hessen
1300;2004-06-01;2022-03-09;351;51.254;8.1565;Eslohe;Nordrhein-Westfalen
1303;1951-01-01;2022-03-09;150;51.4041;6.9677;Essen-Bredeney;Nordrhein-Westfalen
1327;2004-08-01;2022-03-09;147;50.7119;6.7905;Weilerswist-Lommersum;Nordrhein-Westfalen
1332;2005-03-01;2022-03-09;471;48.4832;12.7241;Falkenberg,Kr.Rottal-Inn;Bayern
1339;2002-01-01;2022-03-09;76;52.9157;10.1885;Faßberg;Niedersachsen
1341;2008-12-01;2011-09-29;0;54.6;11.15;Fehmarnbelt;Schleswig-Holstein
1346;1952-01-01;2022-03-09;1490;47.8749;8.0038;Feldberg/Schwarzwald;Baden-Württemberg
1357;2005-03-01;2022-03-09;655;49.9807;11.8376;Fichtelberg/Oberfranken-Hütt;Bayern
1358;1951-01-01;2022-03-09;1213;50.4283;12.9536;Fichtelberg;Sachsen
1411;2007-01-01;2022-03-09;747;50.5309;10.0479;Birx/Rhön;Thüringen
1420;1981-01-01;2022-03-09;100;50.0259;8.5213;Frankfurt/Main;Hessen
1421;1962-01-01;1984-09-01;125;50.1474;8.6746;Frankfurt/Main (Stadt);Hessen
1424;2008-08-01;2022-03-09;124;50.1269;8.6694;Frankfurt/Main-Westend;Hessen
1425;1948-01-01;1962-01-01;109;50.1213;8.6601;Frankfurt/Main (Feldbergstr.;Hessen
1426;1961-01-01;1985-01-01;65;52.3397;14.508;Frankfurt/Oder;Brandenburg
1443;1951-01-01;2022-03-09;237;48.0232;7.8343;Freiburg;Baden-Württemberg
1451;2004-06-01;2022-03-09;2;53.8277;9.2493;Freiburg/Elbe;Niedersachsen
1468;1951-01-01;2022-03-09;797;48.4538;8.409;Freudenstadt;Baden-Württemberg
1473;2006-01-01;2019-02-28;414;49.1869;11.308;Freystadt-Michelbach;Bayern
1490;1965-01-01;1977-08-01;394;47.6454;9.4795;Friedrichshafen;Baden-Württemberg
1503;2012-10-01;2022-03-09;6;53.0643;7.902;Friesoythe-Altenoythe;Niedersachsen
1504;2002-01-01;2022-03-09;174;51.119;9.2799;Fritzlar (Flugplatz);Hessen
1515;2002-11-04;2003-08-14;519;48.2;11.2667;Fürstenfeldbruck;Bayern
1526;2004-11-01;2022-03-09;242;50.5668;9.6532;Fulda-Horas;Hessen
1544;1951-01-01;2022-03-09;47;52.5129;11.3942;Gardelegen;Sachsen-Anhalt
1550;1948-01-01;2022-03-09;719;47.483;11.0621;Garmisch-Partenkirchen;Bayern
1572;2002-01-01;2022-03-09;80;50.9593;6.0392;Geilenkirchen (Flugplatz);Nordrhein-Westfalen
1580;1946-01-01;2022-03-09;110;49.9859;7.9548;Geisenheim;Hessen
1583;1951-01-01;1971-01-01;823;50.7719;13.7732;Geisingberg;Sachsen
1584;2009-06-01;2022-03-09;673;47.9242;8.6474;Geisingen;Baden-Württemberg
1587;1991-01-01;2022-03-09;536;48.9481;11.4289;Gelbelsee;Bayern
1590;2003-07-01;2022-03-09;37;51.4942;6.2463;Geldern-Walbeck;Nordrhein-Westfalen
1602;2004-07-01;2022-03-09;177;48.433;7.993;Ohlsbach;Baden-Württemberg
1605;1982-01-01;2022-03-09;35;52.3875;12.1602;Genthin;Sachsen-Anhalt
1612;1973-01-01;2022-03-09;311;50.8812;12.1289;Gera-Leumnitz;Thüringen
1639;1950-01-01;2022-03-09;203;50.6017;8.6439;Gießen/Wettenberg;Hessen
1645;2004-05-01;2022-03-09;340;50.9656;9.05;Gilserberg-Moischeid;Hessen
1666;2002-01-01;2022-03-09;12;54.8273;9.5058;Glücksburg-Meierwik;Schleswig-Holstein
1684;1951-01-01;2022-03-09;239;51.1621;14.9506;Görlitz;Sachsen
1691;1948-01-01;2022-03-09;167;51.5002;9.9507;Göttingen;Niedersachsen
1694;1981-01-01;2022-03-09;58;53.6058;12.1034;Goldberg;Mecklenburg-Vorpommern
1721;2006-10-01;2022-03-09;506;49.664;11.2239;Gräfenberg-Kasberg;Bayern
1735;2005-03-01;2022-03-09;628;48.7894;13.629;Grainet-Rehberg;Bayern
1736;2002-01-24;2022-03-09;27;53.5731;10.6797;Grambek;Schleswig-Holstein
1757;1978-01-01;2022-03-09;2;54.0967;13.4056;Greifswald;Mecklenburg-Vorpommern
1758;1951-01-01;1978-01-01;2;54.1;13.45;Greifswald-Wieck;Mecklenburg-Vorpommern
1759;2000-10-25;2022-03-09;12;54.2437;13.9102;Greifswalder Oie;Mecklenburg-Vorpommern
1766;1989-10-01;2022-03-09;48;52.1344;7.6969;Münster/Osnabrück;Nordrhein-Westfalen
1792;2020-08-14;2022-03-09;27;52.7553;7.4815;Groß Berßen;Niedersachsen
1803;1991-01-01;2022-03-09;34;54.0714;12.3238;Groß Lüsewitz;Mecklenburg-Vorpommern
1832;1982-11-01;2022-03-09;1436;49.1129;13.1338;Großer Arber;Bayern
1833;1948-01-01;1982-11-01;1307;49.0851;13.2801;Grosser Falkenstein;Bayern
1834;1951-01-01;1978-07-01;913;50.8519;10.4665;Grosser Inselsberg;Thüringen
1863;2007-12-01;2022-03-09;258;50.2667;9.1854;Gründau-Breitenborn;Hessen
1869;1981-01-01;2022-03-09;56;53.3154;13.9339;Grünow;Brandenburg
1886;2016-09-01;2022-03-09;444;48.4878;10.2608;Günzburg;Bayern
1892;2002-01-01;2013-10-28;72;51.9298;8.3005;Gütersloh (Flugplatz);Nordrhein-Westfalen
1902;1984-11-01;1987-10-01;413;49.1273;10.7448;Gunzenhausen (Altmühlsee);Bayern
1957;1953-01-01;2015-03-23;93;51.5138;11.9499;Halle-Kröllwitz;Sachsen-Anhalt
1960;1960-01-01;1971-01-01;102;51.4831;11.9671;Halle (Stadt);Sachsen-Anhalt
1964;2005-05-01;2022-03-09;328;49.9445;6.3821;Olsdorf;Rheinland-Pfalz
1975;1949-01-01;2022-03-09;11;53.6332;9.9881;Hamburg-Fuhlsbüttel;Hamburg
1981;2005-03-01;2022-03-09;3;53.4777;9.8957;Hamburg-Neuwiedenthal;Hamburg
2014;1949-01-01;2022-03-09;55;52.4644;9.6779;Hannover;Niedersachsen
2023;2002-01-01;2022-03-09;501;48.7918;10.7062;Harburg;Bayern
2039;2006-11-01;2022-03-09;201;51.9002;10.5699;Harzburg, Bad;Niedersachsen
2044;1981-01-01;2022-03-09;404;51.652;11.1366;Harzgerode;Sachsen-Anhalt
2074;2004-06-01;2022-03-09;518;48.3752;8.98;Hechingen;Baden-Württemberg
2080;2004-07-01;2012-09-12;110;49.4206;8.6676;Heidelberg;Baden-Württemberg
2081;1948-01-01;1955-01-01;561;49.3981;8.7251;Königstuhl;Baden-Württemberg
2088;2004-06-01;2005-05-12;522;48.6849;10.142;Heidenheim/Brenz;Baden-Württemberg
2110;2003-01-01;2022-03-09;57;51.0411;6.1042;Heinsberg-Schleiden;Nordrhein-Westfalen
2115;1952-05-01;2022-03-09;4;54.175;7.892;Helgoland;Schleswig-Holstein
2158;1996-10-01;2009-01-01;350;48.8042;8.443;Herrenalb, Bad;Baden-Württemberg
2166;1982-01-01;1991-05-02;344;51.0167;14.75;Herrnhut;Sachsen
2167;2005-03-01;2012-04-02;302;49.7672;7.3356;Niederwörresbach;Rheinland-Pfalz
2171;1951-01-01;2022-03-09;272;50.852;9.7377;Hersfeld, Bad;Hessen
2174;2010-11-01;2022-03-09;238;51.6255;10.3695;Herzberg;Niedersachsen
2201;2005-08-01;2022-03-09;1;54.575;13.1044;Hiddensee-Vitte;Mecklenburg-Vorpommern
2211;2004-10-01;2022-03-09;295;50.737;7.6525;Hilgenroth;Rheinland-Pfalz
2244;1971-01-01;2005-09-01;1008;47.7327;8.1627;Höchenschwand;Baden-Württemberg
2252;2005-07-01;2022-03-09;271;50.8992;14.7456;Bertsdorf-Hörnitz;Sachsen
2261;1948-01-01;2022-03-09;565;50.3123;11.876;Hof;Bayern
2290;1947-01-01;2022-03-09;977;47.8009;11.0108;Hohenpeißenberg;Bayern
2303;2002-01-01;2022-03-09;10;54.3162;9.5385;Hohn;Schleswig-Holstein
2306;2005-08-01;2022-03-09;8;54.3194;10.6732;Hohwacht;Schleswig-Holstein
2315;2002-11-01;2022-03-09;80;51.7657;13.1666;Holzdorf (Flugplatz);Brandenburg
2319;2005-06-01;2022-03-09;685;47.8823;11.6961;Holzkirchen;Bayern
2323;2006-07-01;2022-03-09;110;51.8529;9.4953;Bevern, Kr. Holzminden;Niedersachsen
2338;2002-01-01;2005-12-23;39;52.3333;7.55;Hopsten (Flugplatz);Nordrhein-Westfalen
2362;2004-08-01;2022-03-09;328;50.5651;7.4843;Hümmerich;Rheinland-Pfalz
2374;1949-01-01;1974-07-01;3;54.4752;9.0564;Husum;Schleswig-Holstein
2385;2002-01-01;2022-03-09;376;49.6927;7.3263;Idar-Oberstein;Rheinland-Pfalz
2410;1961-01-02;2022-03-09;364;48.7111;11.5363;Ingolstadt (Flugplatz);Bayern
2423;2004-03-01;2005-07-02;712;47.6894;10.0416;Isny;Baden-Württemberg
2429;2002-01-01;2022-03-09;21;53.9897;9.5696;Itzehoe;Schleswig-Holstein
2437;2002-01-01;2022-03-09;21;54.457;9.5203;Schleswig-Jagel;Schleswig-Holstein
2444;1991-08-01;2022-03-09;155;50.9251;11.583;Jena (Sternwarte);Thüringen
2456;2001-10-17;2005-08-26;7;53.5322;7.8806;Jever;Niedersachsen
2477;1971-01-01;1976-01-01;728;47.5938;7.9597;Jungholz (Kühmoos);Baden-Württemberg
2480;2004-09-01;2022-03-09;108;50.0643;8.993;Kahl/Main;Bayern
2483;1951-01-01;2022-03-09;839;51.1803;8.4891;Kahler Asten;Nordrhein-Westfalen
2485;2011-05-02;2022-03-09;489;48.917;9.6871;Kaisersbach-Cronhütte;Baden-Württemberg
2486;2005-03-01;2022-03-09;271;49.4262;7.7557;Kaiserslautern;Rheinland-Pfalz
2488;1982-01-01;2002-10-01;516;48.7701;10.7876;Kaisheim-Neuhof;Bayern
2494;2002-01-01;2013-10-20;31;51.7329;6.2688;Kalkar;Nordrhein-Westfalen
2497;2004-08-01;2022-03-09;505;50.5014;6.5264;Kall-Sistig;Nordrhein-Westfalen
2503;1951-01-01;2003-05-05;487;50.6266;10.1455;Kaltennordheim;Thüringen
2521;1982-01-01;1994-04-01;374;48.6765;11.2961;Karlshuld;Bayern
2522;1948-01-01;2008-10-31;112;49.0382;8.3641;Karlsruhe;Baden-Württemberg
2532;1948-01-01;2013-10-31;231;51.2963;9.4424;Kassel;Hessen
2542;1975-06-01;2016-04-02;716;47.8652;10.6007;Kaufbeuren;Bayern
2559;1955-01-01;2022-03-09;705;47.7233;10.3348;Kempten;Bayern
2564;2002-01-01;2022-03-09;28;54.3776;10.1424;Kiel-Holtenau;Schleswig-Holstein
2565;1949-01-01;1988-10-15;17;54.3378;10.0929;Kiel-Kronshagen;Schleswig-Holstein
2575;2007-05-23;2022-03-09;432;49.1804;9.98;Kirchberg/Jagst-Herboldshaus;Baden-Württemberg
2578;2004-07-01;2022-03-09;14;53.9995;11.4341;Kirchdorf/Poel;Mecklenburg-Vorpommern
2597;1948-01-01;2022-03-09;282;50.224;10.0792;Kissingen, Bad;Bayern
2600;2005-03-01;2022-03-09;193;49.7363;10.1781;Kitzingen;Bayern
2601;1948-01-01;2022-03-09;822;50.2218;8.4469;Kleiner Feldberg/Taunus;Hessen
2618;2004-10-01;2022-03-09;732;50.8458;10.4803;Kleiner Inselsberg;Thüringen
2627;2004-07-01;2022-03-09;128;51.5554;13.8845;Klettwitz;Brandenburg
2629;2004-07-01;2022-03-09;46;51.7612;6.0954;Kleve;Nordrhein-Westfalen
2638;1965-07-01;2022-03-09;974;48.1054;8.7548;Klippeneck;Baden-Württemberg
2641;2004-09-01;2022-03-09;90;51.5185;12.9065;Klitzschen bei Torgau;Sachsen
2656;1955-01-01;1990-01-01;96;50.3519;7.5906;Koblenz;Rheinland-Pfalz
2667;1960-01-01;2022-03-09;92;50.8646;7.1575;Köln-Bonn;Nordrhein-Westfalen
2680;2005-06-01;2022-03-09;289;50.284;10.4456;Königshofen, Bad;Bayern
2691;1994-04-01;1994-11-01;378;48.6707;11.2173;Königsmoos-Untermaxfeld;Bayern
2693;1951-01-01;1966-01-01;380;50.1855;8.4698;Königstein/Taunus;Hessen
2700;2004-12-01;2022-03-09;416;48.8302;11.4872;Kösching;Bayern
2704;2004-05-01;2022-03-09;76;51.7511;12.0094;Köthen (Anhalt);Sachsen-Anhalt
2708;2006-07-01;2022-03-09;742;47.6652;11.0805;Kohlgrub, Bad (Rosshof);Bayern
2712;1971-01-01;2022-03-09;428;47.6952;9.1307;Konstanz;Baden-Württemberg
2738;1998-01-01;1998-02-01;776;47.6448;11.7438;Kreuth;Bayern
2750;2005-11-01;2022-03-09;310;50.2524;11.3209;Kronach;Bayern
2761;1975-06-01;1978-06-01;520;48.251;10.4163;Krumbach-Edenhausen;Bayern
2773;2002-01-01;2022-03-09;415;49.4283;11.9016;Kümmersbruck;Bayern
2794;1989-01-01;2022-03-09;40;52.9362;12.4093;Kyritz;Brandenburg
2796;2002-01-01;2022-03-09;41;53.9156;12.279;Laage (Flugplatz);Mecklenburg-Vorpommern
2812;1995-01-01;2022-03-09;156;48.3647;7.828;Lahr;Baden-Württemberg
2814;1975-06-01;2022-03-09;687;48.5122;9.7644;Merklingen;Baden-Württemberg
2829;1966-01-01;2018-07-10;621;48.0772;10.9144;Landsberg (Flugplatz);Bayern
2843;1990-07-19;2015-12-31;125;50.0075;8.6547;Langen (BZ);Hessen
2856;2004-07-01;2022-03-09;91;51.9173;13.0878;Langenlipsdorf;Brandenburg
2878;2017-08-01;2022-03-09;117;51.3909;11.8786;Lauchstädt, Bad;Sachsen-Anhalt
2886;2002-01-01;2022-03-09;539;48.2175;9.9097;Laupheim;Baden-Württemberg
2905;2002-01-01;2022-03-09;550;48.1849;10.8507;Lechfeld;Bayern
2907;1991-01-01;2022-03-09;7;54.7903;8.9514;Leck;Schleswig-Holstein
2920;1982-01-01;1984-11-01;365;48.7654;12.5121;Leiblfing;Bayern
2925;1956-01-01;2022-03-09;356;51.3932;10.3123;Leinefelde;Thüringen
2928;1951-01-01;2022-03-09;138;51.3151;12.4462;Leipzig-Holzhausen;Sachsen
2932;1972-05-01;2022-03-09;131;51.4347;12.2396;Leipzig/Halle;Sachsen
2947;2006-10-01;2022-03-09;286;51.1333;8.0348;Lennestadt-Theten;Nordrhein-Westfalen
2951;2004-06-01;2022-03-09;20;53.1007;11.4864;Lenzen/Elbe;Brandenburg
2953;2007-04-01;2022-03-09;854;47.8597;8.2308;Lenzkirch-Ruhbühl;Baden-Württemberg
2961;2002-01-01;2022-03-09;31;54.4996;10.2737;Leuchtturm Kiel;Schleswig-Holstein
2968;2008-12-01;2022-03-09;43;50.9894;6.9777;Köln-Stammheim;Nordrhein-Westfalen
2985;1991-03-05;2022-03-09;321;50.9383;14.2094;Lichtenhain-Mittelndorf;Sachsen
3015;1951-01-01;2022-03-09;98;52.2085;14.118;Lindenberg;Brandenburg
3023;1951-01-01;2016-12-31;22;52.5181;7.3081;Lingen;Niedersachsen
3028;1971-04-01;2022-03-09;157;51.7854;8.8388;Lippspringe, Bad;Nordrhein-Westfalen
3031;2004-07-01;2022-03-09;92;51.6336;8.3945;Lippstadt-Bökenförde;Nordrhein-Westfalen
3032;1949-01-01;2022-03-09;25;55.011;8.4125;List auf Sylt;Schleswig-Holstein
3034;2007-01-01;2022-03-09;496;50.4505;11.635;Lobenstein, Bad;Thüringen
3042;2008-06-01;2022-03-09;230;50.5617;8.2386;Löhnberg-Obershausen;Hessen
3044;2007-07-01;2018-06-01;22;52.7198;7.7472;Löningen;Niedersachsen
3083;2005-01-01;2022-03-09;57;51.9267;13.8797;Lübben-Blumenfelde;Brandenburg
3085;1951-01-01;1985-03-01;15;53.8773;10.6915;Lübeck;Schleswig-Holstein
3086;1985-03-01;2022-03-09;15;53.8025;10.6989;Lübeck-Blankensee;Schleswig-Holstein
3093;1954-12-01;2022-03-09;16;52.9724;11.1374;Lüchow;Niedersachsen
3098;1994-01-01;2022-03-09;387;51.2452;7.6425;Lüdenscheid;Nordrhein-Westfalen
3126;1955-01-01;2022-03-09;79;52.1029;11.5827;Magdeburg;Sachsen-Anhalt
3137;2008-05-01;2022-03-09;195;49.9656;8.2139;Mainz-Lerchenberg (ZDF);Rheinland-Pfalz
3139;1983-11-01;2005-01-01;509;48.2166;11.2965;Maisach-Gernlinden;Bayern
3145;1998-12-01;2008-09-01;30;54.18;10.5528;Malente, Bad-Gremsmühlen;Schleswig-Holstein
3147;1985-01-01;2020-08-03;390;48.7548;12.2118;Mallersdorf-Pfaffenberg-Ober;Bayern
3155;2004-08-01;2022-03-09;413;50.1015;6.8009;Manderscheid-Sonnenhof;Rheinland-Pfalz
3158;1989-01-01;2022-03-09;12;52.5468;14.5453;Manschnow;Brandenburg
3164;2006-07-01;2022-03-09;187;50.8492;8.7745;Cölbe, Kr. Marburg-Biedenkop;Hessen
3166;1982-01-01;2022-03-09;639;50.651;13.1469;Marienberg;Sachsen
3167;1962-12-01;2022-03-09;547;50.6621;7.9603;Marienberg, Bad;Rheinland-Pfalz
3170;2002-01-01;2012-12-21;9;54.4937;11.2411;Marienleuchte;Schleswig-Holstein
3181;2021-08-01;2022-03-09;360;49.4875;10.6277;Markt Erlbach-Hagenhofen;Bayern
3196;1981-01-01;2022-03-09;81;53.3222;11.9321;Marnitz;Mecklenburg-Vorpommern
3204;2008-07-01;2022-03-09;429;50.7335;10.8815;Martinroda;Thüringen
3226;2006-08-01;2022-03-09;107;51.7259;11.5109;Aschersleben-Mehringen;Sachsen-Anhalt
3231;1979-01-01;2022-03-09;450;50.5611;10.3771;Meiningen;Thüringen
3234;2005-02-01;2022-03-09;158;51.1294;13.4328;Garsebach bei Meißen;Sachsen
3244;1975-06-01;2022-03-09;614;47.9821;10.1384;Memmingen;Bayern
3245;2002-01-02;2002-11-20;630;47.9833;10.2333;Memmingen (Flugplatz);Bayern
3246;2002-01-01;2007-06-13;181;50.3667;7.3167;Mendig;Rheinland-Pfalz
3254;2002-01-02;2022-03-09;19;52.7155;7.3176;Meppen;Niedersachsen
3257;2004-06-01;2022-03-09;251;49.4773;9.7622;Mergentheim, Bad-Neunkirchen;Baden-Württemberg
3268;2002-11-01;2022-03-09;900;48.1694;8.9433;Meßstetten-Appental;Baden-Württemberg
3271;2004-11-01;2022-03-09;314;48.8548;12.9189;Metten;Bayern
3274;1992-10-01;1994-10-01;415;49.507;6.5215;Mettlach-Orscholz (Kurort);Saarland
3278;2009-04-01;2022-03-09;354;48.5377;9.2734;Metzingen;Baden-Württemberg
3284;2005-05-01;2022-03-09;240;49.6692;9.0085;Michelstadt;Hessen
3287;1987-10-01;2022-03-09;453;49.7177;9.0997;Michelstadt-Vielbrunn;Hessen
3289;2004-11-01;2022-03-09;356;50.7281;11.7838;Schmieritz-Weltwitz;Thüringen
3307;2008-04-01;2022-03-09;984;47.4779;11.2653;Mittenwald-Buckelwiesen;Bayern
3319;2006-09-01;2022-03-09;239;49.7644;9.253;Röllbach;Bayern
3340;2005-05-01;2022-03-09;265;50.4383;7.8061;Montabaur;Rheinland-Pfalz
3348;2004-06-01;2022-03-09;240;51.7209;9.8352;Moringen-Lutterbeck;Niedersachsen
3362;2002-01-01;2022-03-09;243;48.9721;8.8735;Mühlacker;Baden-Württemberg
3366;1955-01-01;2022-03-09;406;48.279;12.5024;Mühldorf;Bayern
3376;1991-01-01;2022-03-09;63;52.5176;14.1232;Müncheberg;Brandenburg
3379;1997-07-01;2022-03-09;515;48.1632;11.5429;München-Stadt;Bayern
3382;1948-01-01;1954-01-01;521;48.1441;11.6;München-Bogenhausen;Bayern
3385;1982-01-01;1999-03-31;515;48.166;11.5011;München-Nymphenburg;Bayern
3390;1949-01-01;1992-05-17;529;48.1369;11.7094;München-Riem;Bayern
3402;2002-11-01;2022-03-09;755;48.3851;9.4837;Münsingen-Apfelstetten;Baden-Württemberg
3404;1948-01-01;1989-10-01;62;51.9494;7.5906;Münster;Nordrhein-Westfalen
3426;2004-06-01;2022-03-09;127;51.566;14.7008;Muskau, Bad;Sachsen
3442;2004-10-01;2022-03-09;149;50.3574;8.7506;Nauheim, Bad;Hessen
3478;1976-07-01;2005-08-18;81;53.5468;13.1914;Neubrandenburg;Mecklenburg-Vorpommern
3484;2002-01-01;2022-03-09;380;48.7085;11.2147;Neuburg/Donau (Flugplatz);Bayern
3485;2005-05-01;2022-03-09;486;48.3115;10.3773;Neuburg/Kammel-Langenhaslach;Bayern
3490;2004-09-01;2022-03-09;111;50.5346;7.0853;Neuenahr, Bad-Ahrweiler;Rheinland-Pfalz
3509;2004-10-01;2022-03-09;78;53.102;13.0421;Menz;Brandenburg
3513;1989-05-01;2022-03-09;845;50.5002;11.1344;Neuhaus am Rennweg;Thüringen
3527;2004-05-01;2022-03-09;500;50.8923;9.405;Neukirchen-Hauptschwenda;Hessen
3540;2004-11-01;2022-03-09;195;50.8446;7.372;Neunkirchen-Seelscheid-Krawi;Nordrhein-Westfalen
3545;2005-03-01;2022-03-09;236;49.344;7.2297;Neunkirchen-Wellesweiler;Saarland
3552;1973-01-01;2019-04-08;38;52.9037;12.8072;Neuruppin;Brandenburg
3571;2008-03-01;2022-03-09;452;49.8174;11.8638;Neustadt am Kulm-Filchendorf;Bayern
3575;1954-01-01;1983-01-01;163;49.357;8.1405;Neustadt/Weinstraße;Rheinland-Pfalz
3577;1951-01-01;1976-07-01;64;53.3585;13.0502;Neustrelitz;Mecklenburg-Vorpommern
3591;2004-06-01;2022-03-09;350;50.6743;6.424;Nideggen-Schmidt;Nordrhein-Westfalen
3603;2002-01-01;2022-03-09;459;49.3895;9.9666;Niederstetten;Baden-Württemberg
3605;1975-06-01;1978-06-01;451;48.5334;10.2427;Niederstotzingen;Baden-Württemberg
3612;2007-04-01;2022-03-09;25;52.6711;9.2229;Nienburg;Niedersachsen
3621;2006-01-01;2022-03-09;435;48.8253;10.5067;Reimlingen;Bayern
3623;2002-01-01;2022-03-09;110;50.8294;6.6601;Nörvenich (Flugplatz);Nordrhein-Westfalen
3631;1949-01-01;2022-03-09;12;53.7123;7.1519;Norderney;Niedersachsen
3639;2002-01-01;2022-03-09;26;53.7647;8.6584;Nordholz (Flugplatz);Niedersachsen
3659;1951-01-01;1995-03-27;627;50.3391;6.9501;Nürburg;Rheinland-Pfalz
3660;1995-03-02;2022-03-09;485;50.3602;6.8697;Nürburg-Barweiler;Rheinland-Pfalz
3667;2005-03-01;2022-03-09;369;49.4258;11.2539;Nürnberg-Netzstall;Bayern
3668;1951-01-01;2022-03-09;314;49.503;11.0549;Nürnberg;Bayern
3671;1979-01-01;1981-04-01;280;48.6321;9.3261;Nürtingen;Baden-Württemberg
3679;2006-11-01;2022-03-09;518;47.6187;12.1665;Kiefersfelden-Gach;Bayern
3702;2003-01-01;2006-12-31;515;47.878;7.8288;Münstertal-Obermünstertal;Baden-Württemberg
3730;1948-01-01;2022-03-09;806;47.3984;10.2759;Oberstdorf;Bayern
3734;2004-07-01;2022-03-09;230;49.128;9.3525;Obersulm-Willsbach;Baden-Württemberg
3739;2005-03-01;2022-03-09;596;49.4521;12.4365;Oberviechtach;Bayern
3761;1955-01-01;2022-03-09;276;49.207;9.5176;Öhringen;Baden-Württemberg
3791;1991-01-01;2012-10-01;11;53.1763;8.1824;Oldenburg;Niedersachsen
3811;1982-07-01;2022-03-09;150;51.296;13.0928;Oschatz;Sachsen
3815;1951-01-01;2010-11-30;95;52.2553;8.0534;Osnabrück;Niedersachsen
3821;1984-08-01;2022-03-09;246;51.0873;11.9293;Osterfeld;Sachsen-Anhalt
3836;2006-03-01;2022-03-09;314;50.4538;10.2211;Ostheim v.d. Rhön;Bayern
3857;2005-01-01;2022-03-09;886;47.6362;10.3892;Oy-Mittelberg-Petersthal;Bayern
3875;2005-01-01;2022-03-09;549;49.151;11.6896;Parsberg/Oberpfalz-Eglwang;Bayern
3879;1948-01-01;1997-01-01;409;48.5779;13.4694;Passau-Oberhaus;Bayern
3897;2002-01-01;2022-03-09;2;54.0893;10.8773;Pelzerhaken;Schleswig-Holstein
3904;2004-09-01;2022-03-09;152;49.5354;6.3789;Perl-Nennig;Saarland
3925;2005-09-01;2022-03-09;332;48.9329;8.6973;Pforzheim-Ispringen;Baden-Württemberg
3927;2004-07-01;2022-03-09;630;47.9345;9.2869;Pfullendorf;Baden-Württemberg
3939;2004-10-01;2022-03-09;385;49.1912;7.5879;Pirmasens;Rheinland-Pfalz
3946;1951-01-01;2022-03-09;387;50.4818;12.13;Plauen;Sachsen
3975;2005-03-01;2022-03-09;522;49.4777;11.5357;Pommelsbrunn-Mittelburg;Bayern
3987;1893-01-01;2022-03-09;81;52.3812;13.0622;Potsdam;Brandenburg
4018;1982-01-01;1983-09-01;550;48.1877;11.2206;Puch;Bayern
4024;1982-01-01;2022-03-09;40;54.3643;13.4771;Putbus;Mecklenburg-Vorpommern
4032;2006-12-01;2022-03-09;142;51.7953;11.132;Quedlinburg;Sachsen-Anhalt
4036;2007-03-01;2022-03-09;204;51.3895;11.5412;Querfurt-Mühle Lodersleben;Sachsen-Anhalt
4039;1988-01-11;2022-03-09;11;53.7331;9.8776;Quickborn;Schleswig-Holstein
4063;2003-07-01;2022-03-09;41;52.4461;8.5906;Rahden-Kleinendorf;Nordrhein-Westfalen
4094;2004-06-01;2022-03-09;441;47.8062;9.6206;Weingarten, Kr. Ravensburg;Baden-Württemberg
4104;1948-01-01;2022-03-09;365;49.0425;12.1019;Regensburg;Bayern
4127;2005-01-01;2022-03-09;347;50.9906;7.6958;Reichshof-Eckenhagen;Nordrhein-Westfalen
4154;2011-02-01;2018-06-30;345;51.18;7.2505;Remscheid-Lennep;Nordrhein-Westfalen
4160;2004-07-01;2022-03-09;478;48.7425;8.924;Renningen-Ihinger Hof;Baden-Württemberg
4169;2002-11-01;2022-03-09;131;48.6703;7.9939;Rheinau-Memprechtshofen;Baden-Württemberg
4174;2002-01-01;2017-12-20;40;52.2887;7.3866;Rheine-Bentlage;Nordrhein-Westfalen
4175;2004-06-01;2022-03-09;283;47.559;7.7721;Rheinfelden;Baden-Württemberg
4177;2008-11-01;2022-03-09;116;48.9726;8.3301;Rheinstetten;Baden-Württemberg
4189;2004-08-01;2022-03-09;534;48.1479;9.4596;Altheim, Kreis Biberach;Baden-Württemberg
4261;2006-03-01;2022-03-09;442;47.8753;12.128;Rosenheim;Bayern
4271;1947-01-01;2022-03-09;4;54.1803;12.0808;Rostock-Warnemünde;Mecklenburg-Vorpommern
4275;2004-12-01;2022-03-09;32;53.1288;9.3398;Rotenburg (Wümme);Niedersachsen
4280;2002-01-01;2022-03-09;386;49.2162;11.1035;Roth;Bayern
4287;2005-01-01;2022-03-09;415;49.3848;10.1732;Rothenburg ob der Tauber;Bayern
4294;1982-01-01;1997-01-01;360;48.4704;8.9687;Rottenburg-Kiebingen;Baden-Württemberg
4300;2004-07-01;2022-03-09;589;48.1815;8.6356;Rottweil;Baden-Württemberg
4301;2005-03-01;2022-03-09;102;49.8502;7.871;Kreuznach, Bad;Rheinland-Pfalz
4323;2005-03-01;2022-03-09;461;49.6468;7.8837;Ruppertsecken;Rheinland-Pfalz
4336;1962-05-01;2022-03-09;320;49.2128;7.1077;Saarbrücken-Ensheim;Saarland
4339;1956-01-01;1971-01-01;193;49.2231;7.0168;Saarbrücken-Sankt Johann;Saarland
4347;2000-11-01;2003-07-08;292;51.5909;10.5691;Sachsa, Bad;Niedersachsen
4349;2004-06-01;2022-03-09;251;48.9569;9.0711;Sachsenheim;Baden-Württemberg
4350;1971-01-01;2008-12-29;339;47.5619;7.9399;Säckingen, Bad (Bergseestr.);Baden-Württemberg
4354;2006-01-01;2022-03-09;457;48.7832;13.3146;Saldenburg-Entschenreuth;Bayern
4371;1950-01-01;2022-03-09;135;52.1042;8.7521;Salzuflen, Bad;Nordrhein-Westfalen
4373;1952-01-01;1972-01-01;29;52.8568;11.1319;Salzwedel;Sachsen-Anhalt
4377;2005-09-01;2022-03-09;518;50.3518;10.0034;Sandberg;Bayern
4393;1999-12-01;2022-03-09;5;54.3279;8.6031;Sankt Peter-Ording;Schleswig-Holstein
4411;2002-01-24;2022-03-09;155;49.9195;8.9671;Schaafheim-Schlierbach;Hessen
4445;1989-10-01;2022-03-09;609;51.7658;10.6533;Wernigerode-Schierke;Sachsen-Anhalt
4464;1989-08-01;2022-03-09;501;50.5679;11.8041;Schleiz;Thüringen
4466;1951-01-01;2022-03-09;43;54.5275;9.5487;Schleswig;Schleswig-Holstein
4477;2005-05-31;2010-05-01;993;47.8208;8.186;Schluchsee;Baden-Württemberg
4480;2004-09-01;2022-03-09;230;50.3447;9.5533;Schlüchtern-Herolz;Hessen
4485;2005-02-01;2017-03-01;296;50.725;10.4539;Schmalkalden, Kurort;Thüringen
4501;1978-07-01;2022-03-09;937;50.6545;10.7696;Schmücke;Thüringen
4508;2004-08-01;2022-03-09;649;50.2968;6.4194;Schneifelforsthaus;Rheinland-Pfalz
4517;1996-10-01;2008-12-01;635;48.7859;8.6451;Schömberg, Kr. Calw;Baden-Württemberg
4548;2007-07-01;2022-03-09;608;50.1847;12.0791;Schönwald/Ofr.-Brunn;Bayern
4559;2005-05-01;2022-03-09;398;49.1644;12.6175;Schorndorf-Knöbling;Bayern
4560;2005-02-01;2022-01-02;265;50.4925;9.1226;Schotten;Hessen
4584;1968-04-01;1970-04-01;444;48.3667;11.8;Schwaigermoos;Bayern
4592;2005-12-01;2022-03-09;356;49.3278;12.0871;Schwandorf;Bayern
4605;2004-11-01;2022-03-09;277;50.6441;11.1936;Schwarzburg;Thüringen
4625;1950-01-01;2022-03-09;59;53.6424;11.3871;Schwerin;Mecklenburg-Vorpommern
4629;1993-04-01;1999-12-01;37;54.5166;9.142;Schwesing;Schleswig-Holstein
4642;1976-10-01;2022-03-09;21;52.8911;11.7297;Seehausen;Sachsen-Anhalt
4651;2004-11-01;2022-03-09;186;51.904;10.1885;Seesen;Niedersachsen
4665;1969-01-01;1975-05-14;431;49.5281;7.0417;Selbach (Tholey);Saarland
4692;2008-03-01;2018-11-30;229;50.8534;7.9966;Siegen (Kläranlage);Nordrhein-Westfalen
4702;2002-11-03;2007-11-15;645;48.1;9.25;Sigmaringen (Flugplatz);Baden-Württemberg
4703;2002-11-01;2022-03-09;581;48.0719;9.1943;Sigmaringen-Laiz;Baden-Württemberg
4704;2005-05-01;2022-03-09;508;47.5776;9.7404;Sigmarszell-Zeisertsweiler;Bayern
4706;2005-03-01;2022-03-09;358;48.2718;13.0273;Simbach/Inn;Bayern
4709;2011-11-01;2022-03-09;445;49.9996;7.5981;Simmern-Wahlbach;Rheinland-Pfalz
4719;2002-01-01;2007-08-28;169;49.2447;8.8787;Sinsheim;Baden-Württemberg
4745;1966-01-01;2022-03-09;75;52.9604;9.793;Soltau;Niedersachsen
4748;2004-11-01;2010-12-31;221;51.352;10.9059;Sondershausen;Thüringen
4752;1951-01-01;2008-07-01;626;50.3746;11.1828;Sonneberg-Neufang;Thüringen
4763;2004-10-01;2022-03-09;265;51.0607;9.9266;Sontra;Hessen
4813;2020-08-01;2022-03-09;318;50.0806;11.0466;Staffelstein, Bad-Stublang;Bayern
4841;2004-07-01;2022-03-09;1;53.6946;8.8735;Steinau, Kr. Cuxhaven;Niedersachsen
4857;2004-09-01;2022-03-09;1;53.5534;9.6097;Mittelnkirchen-Hohenfelde;Niedersachsen
4878;2005-02-01;2022-03-09;504;51.6646;10.8811;Oberharz am Brocken-Stiege;Sachsen-Anhalt
4887;1948-01-01;2022-03-09;734;48.6656;9.8648;Stötten;Baden-Württemberg
4896;2005-07-01;2022-03-09;40;54.6654;9.805;Wagersrott;Schleswig-Holstein
4911;1994-05-01;2022-03-09;351;48.8275;12.5597;Straubing;Bayern
4926;1979-04-01;2013-05-14;224;48.7896;9.2167;Stuttgart (Neckartal);Baden-Württemberg
4927;1976-01-01;1984-08-01;286;48.7693;9.1814;Stuttgart-Stadt;Baden-Württemberg
4928;1977-07-01;2022-03-09;314;48.8281;9.2;Stuttgart (Schnarrenberg);Baden-Württemberg
4931;1988-01-01;2022-03-09;371;48.6883;9.2235;Stuttgart-Echterdingen;Baden-Württemberg
4933;1951-01-01;1976-01-01;401;48.7091;9.2147;Stuttgart-Hohenheim;Baden-Württemberg
4978;2002-11-01;2022-03-09;395;50.639;10.0228;Tann/Rhön;Hessen
4997;2005-03-01;2022-03-09;196;50.9771;12.3419;Starkenberg-Tegkwitz;Thüringen
5009;1973-01-01;2022-03-09;33;53.7611;12.5574;Teterow;Mecklenburg-Vorpommern
5014;2004-07-01;2022-03-09;7;53.2758;8.9857;Worpswede-Hüttenbusch;Niedersachsen
5017;2005-11-01;2022-03-09;633;50.4002;11.3888;Teuschnitz;Bayern
5029;1975-05-15;2022-03-09;386;49.4737;7.0385;Tholey;Saarland
5046;2008-03-01;2022-03-09;501;49.8576;12.3542;Tirschenreuth-Lodermühl;Bayern
5049;1998-11-06;2008-05-01;846;47.8991;8.146;Titisee-Neustadt-Titisee;Baden-Württemberg
5064;2004-12-01;2022-03-09;37;51.2897;6.4437;Tönisvorst;Nordrhein-Westfalen
5068;1953-01-01;1971-01-01;80;51.5833;13.0;Torgau;Sachsen
5097;2005-01-01;2022-03-09;10;54.0661;12.7675;Tribsees;Mecklenburg-Vorpommern
5099;2008-06-01;2022-03-09;132;49.7326;6.6131;Trier-Zewen;Rheinland-Pfalz
5100;1941-01-01;2022-03-09;265;49.7479;6.6583;Trier-Petrisberg;Rheinland-Pfalz
5109;2002-01-01;2022-03-09;69;53.5998;13.3039;Trollenhagen;Mecklenburg-Vorpommern
5111;2006-04-01;2022-03-09;560;48.0311;12.5396;Trostberg;Bayern
5133;2004-09-01;2022-03-09;295;51.3344;8.9132;Twistetal-Mühlhausen;Hessen
5142;1951-01-01;2022-03-09;1;53.7445;14.0698;Ueckermünde;Mecklenburg-Vorpommern
5146;2004-06-01;2022-03-09;50;52.9414;10.5289;Uelzen;Niedersachsen
5149;2005-01-01;2022-03-09;306;49.5741;10.1915;Gollhofen;Bayern
5155;1948-01-01;2014-09-01;567;48.3837;9.9524;Ulm;Baden-Württemberg
5158;1989-01-01;2022-03-09;162;52.1601;11.1759;Ummendorf;Sachsen-Anhalt
5229;2004-08-01;2022-03-09;719;48.0453;8.4608;Villingen-Schwenningen;Baden-Württemberg
5275;2004-06-01;2022-03-09;105;49.2445;8.5374;Waghäusel-Kirrlach;Baden-Württemberg
5277;2002-01-01;2009-06-30;349;50.8119;9.128;Wahlen;Hessen
5279;2004-09-01;2022-03-09;176;51.6194;9.5749;Wesertal-Lippoldsberg;Hessen
5280;2007-03-01;2022-03-09;35;53.9224;10.2267;Wittenborn;Schleswig-Holstein
5282;1941-01-01;1971-01-01;246;51.1197;13.6744;Wahnsdorf bei Dresden;Sachsen
5300;2004-07-01;2022-03-09;380;50.2596;8.3607;Waldems-Reinborn;Hessen
5335;2006-08-01;2022-03-09;348;50.8963;10.5484;Waltershausen;Thüringen
5347;2001-04-02;2022-03-09;236;51.5039;9.1118;Warburg;Nordrhein-Westfalen
5349;1981-01-01;2022-03-09;73;53.5196;12.6654;Waren (Müritz);Mecklenburg-Vorpommern
5371;1948-01-01;2022-03-09;921;50.4973;9.9427;Wasserkuppe;Hessen
5397;1951-01-01;2022-03-09;440;49.6662;12.1844;Weiden;Bayern
5404;1975-01-01;2022-03-09;477;48.4024;11.6946;Weihenstephan-Dürnast;Bayern
5419;1951-01-01;2007-06-30;264;50.9751;11.3076;Weimar;Thüringen
5424;2007-06-01;2022-03-09;328;51.0177;11.3544;Weimar-Schöndorf;Thüringen
5426;1954-01-01;2022-03-09;553;49.3758;8.1212;Weinbiet;Rheinland-Pfalz
5431;1973-01-01;1976-10-01;24;53.0333;11.8;Weisen bei Wittenberge;Sachsen-Anhalt
5433;2004-09-01;2022-03-09;380;49.5534;6.812;Weiskirchen/Saar;Saarland
5440;1955-01-01;2022-03-09;439;49.0115;10.9308;Weißenburg-Emetzheim;Bayern
5467;1956-07-01;2012-09-21;1832;47.7035;12.0119;Wendelstein;Bayern
5480;2003-09-10;2022-03-09;85;51.5763;7.8879;Werl;Nordrhein-Westfalen
5490;1951-01-01;2022-03-09;233;51.8454;10.7686;Wernigerode;Sachsen-Anhalt
5516;1996-05-31;2022-03-09;3;54.5283;11.0606;Fehmarn;Schleswig-Holstein
5538;2005-01-01;2022-03-09;551;47.8827;11.1576;Wielenbach (Demollstr.);Bayern
5541;2004-08-01;2022-03-09;263;50.1321;8.3169;Wiesbaden-Auringen;Hessen
5546;1986-07-01;2022-03-09;187;52.1206;12.4586;Wiesenburg;Brandenburg
5562;2004-06-01;2022-03-09;571;48.6516;8.6801;Neubulach-Oberhaugstett;Baden-Württemberg
5629;1951-01-01;2022-03-09;105;51.8892;12.6445;Wittenberg;Sachsen-Anhalt
5640;2002-01-01;2022-03-09;10;53.5503;7.6672;Wittmundhafen;Niedersachsen
5643;2004-11-01;2022-03-09;68;53.1864;12.4949;Wittstock-Rote Mühle;Brandenburg
5663;1982-01-01;1996-01-01;118;53.4618;13.6099;Woldegk;Mecklenburg-Vorpommern
5664;2004-07-01;2022-03-09;296;48.2953;8.2391;Wolfach;Baden-Württemberg
5665;1990-01-01;2010-05-01;677;47.818;9.797;Wolfegg;Baden-Württemberg
5676;2010-09-01;2022-03-09;82;52.3962;10.6892;Wolfsburg (Südwest);Niedersachsen
5688;2018-11-01;2022-03-09;880;47.7003;8.1057;Dachsberg-Wolpadingen;Baden-Württemberg
5692;2004-09-01;2022-03-09;88;49.6051;8.3659;Worms;Rheinland-Pfalz
5705;1948-01-01;2022-03-09;268;49.7704;9.9576;Würzburg;Bayern
5715;2002-01-01;2022-03-09;49;52.4626;9.4245;Wunstorf;Niedersachsen
5717;2006-09-01;2022-03-09;134;51.2256;7.1052;Wuppertal-Buchenhofen;Nordrhein-Westfalen
5719;2004-10-01;2009-12-10;235;51.2051;7.2;Remscheid;Nordrhein-Westfalen
5731;2004-08-01;2022-03-09;395;47.6783;8.3801;Wutöschingen-Ofteringen;Baden-Württemberg
5732;1951-01-01;1971-01-01;8;54.6928;8.5271;Wrixum/Föhr;Schleswig-Holstein
5745;1981-01-01;2022-03-09;51;52.9663;13.3268;Zehdenick;Brandenburg
5750;2006-03-01;2022-03-09;264;51.0314;12.1495;Zeitz;Sachsen-Anhalt
5779;1971-01-01;2022-03-09;877;50.7314;13.7516;Zinnwald-Georgenfeld;Sachsen
5792;1950-01-01;2022-03-09;2965;47.421;10.9848;Zugspitze;Bayern
5797;2005-12-01;2022-03-09;349;50.6879;12.4329;Lichtentanne;Sachsen
5800;2002-01-01;2022-03-09;615;49.028;13.2385;Zwiesel;Bayern
5802;1948-01-01;2003-10-01;615;49.0007;13.2137;Zwieselberg;Bayern
5822;2004-07-01;2022-03-09;40;52.863;8.6988;Bassum;Niedersachsen
5825;2004-05-01;2022-03-09;40;52.6198;12.7867;Berge;Brandenburg
5832;1951-01-01;1954-12-01;50;53.1007;11.0455;Dannenberg;Niedersachsen
5839;1997-07-01;2022-03-09;0;53.3881;7.2287;Emden;Niedersachsen
5856;1997-01-03;2022-03-09;476;48.5451;13.3532;Fürstenzell;Bayern
5871;1997-07-01;2022-03-09;497;49.9463;7.2645;Hahn;Rheinland-Pfalz
5906;1948-01-01;2022-03-09;98;49.5063;8.5584;Mannheim;Baden-Württemberg
5930;1991-01-01;2022-03-09;1;54.641;10.0238;Schönhagen (Ostseebad);Schleswig-Holstein
5941;2007-03-01;2022-03-09;686;47.6754;12.4698;Reit im Winkl;Bayern
6093;2004-05-01;2022-03-09;62;53.2139;10.4704;Wendisch Evern;Niedersachsen
6105;2004-05-01;2022-03-09;14;54.3194;9.8051;Ostenfeld (Rendsburg);Schleswig-Holstein
6109;2004-09-01;2022-03-09;51;53.3837;14.3727;Grambow-Schwennenz;Mecklenburg-Vorpommern
6129;2004-11-01;2022-03-09;291;51.0593;14.4266;Sohland/Spree;Sachsen
6157;2007-10-01;2022-03-09;8;53.641;8.0808;Wangerland-Hooksiel;Niedersachsen
6158;2004-11-01;2022-03-09;454;49.2249;10.6085;Weidenbach-Weiherschneidbach;Bayern
6159;2008-12-01;2022-03-09;8;52.9542;7.3196;Dörpen;Niedersachsen
6163;2001-04-01;2022-03-09;27;54.1654;10.3519;Dörnick;Schleswig-Holstein
6170;2004-06-01;2022-03-09;39;52.0192;14.7254;Coschen;Brandenburg
6182;2000-04-01;2012-03-27;404;48.7757;12.1743;Mallersdorf-Pfaffenberg;Bayern
6184;2002-01-01;2009-06-15;6;53.5333;8.1667;Wilhelmshaven (Flugplatz);Niedersachsen
6186;2004-08-01;2019-05-27;268;50.1989;7.8651;Nastätten;Rheinland-Pfalz
6192;1999-08-01;2008-11-01;115;49.8083;7.8458;Münster am Stein, Bad;Rheinland-Pfalz
6197;2002-01-01;2022-03-09;258;51.8664;9.271;Lügde-Paenbruch;Nordrhein-Westfalen
6199;2004-10-01;2022-03-09;17;54.2484;13.0418;Steinhagen-Negast;Mecklenburg-Vorpommern
6217;2004-10-01;2022-03-09;190;49.2406;6.9351;Saarbrücken-Burbach;Saarland
6242;2002-01-07;2021-07-01;64;50.4088;7.489;Mülheim-Kärlich;Rheinland-Pfalz
6243;2002-01-01;2022-03-09;96;49.2506;8.4422;Philippsburg KKW;Baden-Württemberg
6244;2002-01-01;2022-03-09;145;49.365;9.0804;Obrigheim;Baden-Württemberg
6245;2002-01-01;2022-03-09;180;49.0423;9.1733;Neckarwestheim KKW;Baden-Württemberg
6246;2002-01-03;2022-03-09;368;47.6213;8.2167;Waldshut KKW;Baden-Württemberg
6247;2002-01-01;2022-03-09;307;47.6078;8.1813;Dogern (Leibstadt);Baden-Württemberg
6254;2002-01-01;2007-07-02;19;53.5408;9.9528;Hamburg-Lotsenhöft;Hamburg
6255;2002-01-07;2018-12-31;351;49.4667;6.3968;Perl/Saar;Saarland
6256;2002-01-01;2022-03-09;201;47.91;7.5838;Bremgarten (Fessenheim);Baden-Württemberg
6258;2003-01-01;2022-03-09;461;47.6845;9.4409;Friedrichshafen-Unterraderac;Baden-Württemberg
6259;2004-06-01;2022-03-09;524;49.021;9.6033;Großerlach-Mannenweiler;Baden-Württemberg
6260;2002-12-01;2022-03-09;385;49.3328;9.704;Ingelfingen-Stachenhausen;Baden-Württemberg
6262;2002-11-01;2022-03-09;412;48.7695;9.8737;Schwäbisch Gmünd-Weiler;Baden-Württemberg
6263;2004-07-01;2022-03-09;445;47.7738;8.8219;Singen;Baden-Württemberg
6264;2004-06-01;2022-03-09;457;51.414;8.65;Brilon-Thülen;Nordrhein-Westfalen
6265;2004-05-01;2022-03-09;36;52.3613;12.3867;Wusterwitz;Brandenburg
6266;2004-09-01;2022-03-09;112;52.0304;10.9626;Huy-Pabstorf;Sachsen-Anhalt
6272;2004-10-01;2022-03-09;283;50.8426;10.2518;Moorgrund Gräfen-Nitzendorf;Thüringen
6273;2004-06-01;2022-03-09;36;52.5075;11.8551;Demker;Sachsen-Anhalt
6275;2004-07-01;2022-03-09;325;48.6705;9.4627;Notzingen;Baden-Württemberg
6305;2004-12-01;2022-03-09;193;51.2061;10.4978;Mühlhausen/Thüringen-Görmar;Thüringen
6310;2004-08-01;2022-03-09;1;54.1049;13.8239;Karlshagen;Mecklenburg-Vorpommern
6312;2004-11-01;2020-09-30;362;49.5314;10.6418;Markt Erlbach-Mosbach;Bayern
6314;2005-08-01;2022-03-09;306;51.0507;13.3003;Nossen;Sachsen
6336;2005-11-01;2022-03-09;288;50.0132;9.654;Lohr/Main-Halsbach;Bayern
6337;2004-08-01;2022-03-09;59;51.7663;7.5194;Lüdinghausen-Brochtrup;Nordrhein-Westfalen
6344;2004-12-01;2022-03-09;168;50.394;8.1423;Runkel-Ennerich;Hessen
6346;2005-02-01;2022-03-09;531;48.207;11.2035;Maisach-Galgen;Bayern
6347;2005-03-01;2022-03-09;305;50.0579;10.2972;Schonungen-Mainberg;Bayern
7075;2005-02-01;2022-03-09;429;48.702;11.8493;Elsendorf-Horneck;Bayern
7099;2004-11-01;2021-10-04;187;52.0111;10.3966;Liebenburg-Othfresen;Niedersachsen
7105;2005-06-01;2022-03-09;719;47.835;12.6548;Siegsdorf-Höll;Bayern
7106;2006-09-01;2022-03-09;105;52.0714;8.4565;Bielefeld-Deppendorf;Nordrhein-Westfalen
7135;1975-06-01;1996-07-01;565;47.9655;9.6804;Aulendorf-Haslach;Baden-Württemberg
7187;2004-12-01;2022-03-09;194;49.7636;9.4063;Freudenberg/Main-Boxtal;Baden-Württemberg
7244;1981-01-01;2004-09-30;62;53.1424;13.0319;Neuglobsow (HM);Brandenburg
7298;2005-07-01;2022-03-09;5;54.5268;9.0425;Hattstedt;Schleswig-Holstein
7319;2005-03-01;2022-03-09;435;48.7374;10.7393;Donauwörth-Osterweiler;Bayern
7321;2005-09-01;2022-03-09;160;51.1507;11.3321;Olbersleben;Thüringen
7325;2011-09-01;2015-12-31;2650;47.4167;10.9794;Schneefernerhaus;Bayern
7329;2005-11-01;2022-03-09;465;50.5467;12.2863;Treuen;Sachsen
7330;2005-10-01;2022-03-09;159;51.4633;7.978;Arnsberg-Neheim;Nordrhein-Westfalen
7331;2005-09-01;2022-03-09;467;48.6099;10.2674;Hermaringen-Allewind;Baden-Württemberg
7341;2005-07-16;2022-03-09;119;50.0899;8.7862;Offenbach-Wetterpark;Hessen
7343;2006-04-01;2022-03-09;689;50.62;13.4817;Deutschneudorf-Brüderwiese;Sachsen
7350;2006-08-01;2022-03-09;585;49.1088;12.8231;Prackenbach-Neuhäusl;Bayern
7351;2005-09-08;2022-03-09;116;53.3176;13.4175;Feldberg/Mecklenburg;Mecklenburg-Vorpommern
7364;2007-01-01;2022-03-09;74;51.6818;12.3053;Jeßnitz;Sachsen-Anhalt
7367;2007-12-01;2022-03-09;144;51.9643;9.8072;Alfeld;Niedersachsen
7368;2007-11-01;2022-03-09;312;51.0007;10.3621;Eisenach;Thüringen
7369;2007-11-01;2022-03-09;475;49.1623;10.3661;Feuchtwangen-Heilbronn;Bayern
7370;2006-12-11;2022-03-09;499;49.391;12.6838;Waldmünchen;Bayern
7373;2006-03-01;2022-03-09;3;53.5984;6.7024;Borkum-Flugplatz;Niedersachsen
7374;2006-03-01;2022-03-09;46;52.0813;6.9409;Ahaus;Nordrhein-Westfalen
7389;2006-12-01;2022-03-09;82;52.7461;13.8427;Heckelberg;Brandenburg
7393;2010-01-01;2022-03-09;116;51.4493;14.2533;Hoyerswerda;Sachsen
7394;2006-06-01;2022-03-09;622;50.0315;11.9745;Wunsiedel-Schönbrunn;Bayern
7395;2007-12-01;2022-03-09;351;48.6595;12.5388;Gottfrieding;Bayern
7396;2008-05-01;2022-03-09;740;50.5084;9.2246;Hoherodskopf/Vogelsberg;Hessen
7403;2007-03-30;2022-03-09;672;47.7955;10.0325;Leutkirch-Herlazhofen;Baden-Württemberg
7410;2011-02-01;2022-03-09;350;50.7513;9.0224;Neu-Ulrichstein;Hessen
7412;2006-10-01;2022-03-09;340;50.0083;9.4238;Neuhütten/Spessart;Bayern
7419;2006-12-01;2022-03-09;389;50.661;12.0756;Langenwetzendorf-Göttendorf;Thüringen
7420;2007-04-01;2022-03-09;246;51.1044;11.7112;Naumburg/Saale-Kreipitzsch;Sachsen-Anhalt
7424;2006-12-01;2022-03-09;457;47.7724;12.9073;Piding;Bayern
7427;2007-09-01;2022-03-09;17;54.0188;9.9255;Padenstedt (Pony-Park);Schleswig-Holstein
7428;2007-05-01;2022-03-09;397;50.4167;10.8156;Veilsdorf;Thüringen
7431;2007-11-01;2022-03-09;604;48.013;11.5524;Oberhaching-Laufzorn;Bayern
7432;2007-05-01;2022-03-09;72;52.6423;10.6627;Wittingen-Vorhop;Niedersachsen
13667;2006-11-23;2008-07-06;274;48.0006;7.845;Freiburg-Mitte;Baden-Württemberg
13670;2007-06-01;2022-03-09;24;51.5088;6.7018;Duisburg-Baerl;Nordrhein-Westfalen
13674;2007-08-01;2022-03-09;237;49.2943;8.9053;Waibstadt;Baden-Württemberg
13675;2007-11-01;2022-03-09;77;52.0818;9.4077;Hameln-Hastenbeck;Niedersachsen
13696;2007-12-01;2022-03-09;60;51.5966;7.4048;Waltrop-Abdinghof;Nordrhein-Westfalen
13700;2008-05-01;2022-03-09;203;51.3329;7.3412;Gevelsberg-Oberbröking;Nordrhein-Westfalen
13710;2008-04-01;2022-03-09;490;48.5734;12.2576;Landshut-Reithof;Bayern
13711;2007-12-01;2022-03-09;289;50.682;11.515;Krölpa-Rockendorf;Thüringen
13713;2007-11-01;2022-03-09;386;51.0899;7.6289;Meinerzhagen-Redlendorf;Nordrhein-Westfalen
13776;2008-03-01;2011-01-04;85;52.1789;9.9524;Hildesheim-Drispenstedt;Niedersachsen
13777;2008-06-01;2022-03-09;110;52.2467;10.9592;Helmstedt-Emmerstedt;Niedersachsen
13903;2008-09-16;2010-12-25;15;54.0167;8.3167;Bake Zulu;Niedersachsen
13904;2008-09-15;2010-04-26;3;55.0;6.3333;Nordseeboje 2;Hamburg
13965;2008-12-01;2022-03-09;619;48.2639;8.8134;Balingen-Bronnhaupten;Baden-Württemberg
14003;1961-01-03;1992-06-29;728;47.8619;10.6144;Kaufbeuren (Flugplatz);Bayern
14138;2009-09-15;2015-12-31;73;52.1655;14.1224;Falkenberg (Grenzschichtmess;Brandenburg
15000;2011-04-01;2022-03-09;231;50.7983;6.0244;Aachen-Orsbach;Nordrhein-Westfalen
15207;2013-11-01;2022-03-09;317;51.2835;9.359;Schauenburg-Elgershausen;Hessen
15444;2014-09-01;2022-03-09;593;48.4418;9.9216;Ulm-Mähringen;Baden-Württemberg
15555;2016-05-01;2022-03-09;815;47.8761;10.5849;Kaufbeuren-Oberbeuren;Bayern
19171;2020-09-01;2022-03-09;13;54.0038;9.8553;Hasenkrug-Hardebek;Schleswig-Holstein
19172;2020-09-01;2022-03-09;48;54.0246;9.388;Wacken;Schleswig-Holstein
